HB,count
ARG636HH21GLU1655OE1,904
ARG636HEGLU1655OE1,755
ARG636HH21GLU1655OE2,749
ARG636HH11GLU1655OE2,690
ARG636HH12GLU1655OE2,644
ARG636HH11GLU1655OE1,613
ARG636HEGLU1655OE2,611
ARG636HH12GLU1655OE1,530
ARG636HH22GLU1655OE1,491
ARG636HH22GLU1655OE2,381
ARG636HEASP1653O,311
THR1656HG1ARG636O,230
ARG636HH21ASP1653O,178
TYR661HHPRO1658O,151
ARG636HH22ASP1653OD2,139
ARG636HH21ASP1653OD2,108
ARG636HH12ASP1653OD2,103
ARG636HH22ASP1653OD1,82
TYR661HHPRO1662O,77
ARG636HH22ASP1653O,73
ARG636HH12ASP1653OD1,54
ARG660HH22PRO1658O,45
LEU637HNTHR1656OG1,44
ARG660HH21PRO1658O,38
ARG636HH21ASP1653OD1,37
ARG636HH12ASP1653O,29
TYR665HHLEU1666O,25
SER610HG1GLU1655O,20
ARG636HH11ASP1653O,19
TYR665HHVAL1665O,16
SER610HG1GLU1655OE1,13
ARG636HH11ASP1653OD2,12
SER610HG1GLU1655OE2,11
ARG636HH11ASP1653OD1,10
THR1656HG1ASP635OD1,8
SER610HG1ASP1653OD1,8
THR1656HG1ASP635OD2,8
ARG660HEPRO1658O,7
THR1656HNARG636O,7
ARG660HH11PRO1658O,6
LEU1657HNSER610OG,6
ARG660HH12PRO1658O,4
SER610HG1PHE1654O,4
SER610HG1ASP1653OD2,2
ARG636HETHR1656OG1,2
ARG636HH21GLU1655O,1
LYS608HZ2ASP1653OD2,1
SER610HNASP1653OD1,1
ASP1653HT3ILE611O,1
ASP1653HT2ASP635OD2,1
ASP1653HT3ASP635O,1
ARG636HH12THR1656OG1,1
TYR665HHGLN1667NE2,1
