HB,count,Survival-rate
ARG636HH21ASP1653OD1,2483,0.9932
ILE611HNGLU1655O,2481,0.9924
ARG636HH21ASP1653OD2,2405,0.962
ARG636HEASP1653OD2,2311,0.9244
ARG636HEASP1653OD1,2308,0.9232
TYR661HHASP1663OD2,1686,0.6744
TYR661HHASP1663OD1,1593,0.6372
ARG636HH22ASP1653OD1,1358,0.5432
ARG660HEVAL1659O,878,0.3512
ARG636HH22ASP1653OD2,728,0.2912
ARG660HH21VAL1659O,222,0.0888
GLN1667HE22TYR661OH,146,0.0584
TYR665HHASP1663OD2,104,0.0416
GLN1667HE22TYR665OH,83,0.0332
TYR665HHASP1663OD1,76,0.0304
ARG660HEPRO1658O,64,0.0256
SER610HG1GLU1655OE2,64,0.0256
GLN1667HE21TYR665O,60,0.024
SER610HG1GLU1655OE1,58,0.0232
PHE1654HNARG636O,46,0.0184
TYR661HHGLN1667NE2,45,0.018
ARG660HH21PRO1658O,43,0.0172
TYR665HHGLN1667NE2,43,0.0172
ARG660HH21ASP1663OD2,39,0.0156
TYR665HHGLN1667OE1,30,0.012
ARG636HH12ASP1653OD1,26,0.0104
ARG660HH21ASP1663OD1,24,0.0096
SER610HG1GLU1655O,23,0.0092
ARG636HH12ASP1653OD2,21,0.0084
ARG660HH22PRO1658O,17,0.0068
GLN1667HE21TYR665OH,15,0.006
TYR661HHPRO1662O,14,0.0056
GLN1667HE22TYR665O,14,0.0056
GLN1667HE21TYR661OH,12,0.0048
ARG636HH11ASP1653OD2,9,0.0036
ARG660HH22VAL1659O,7,0.0028
TYR661HHVAL1659O,6,0.0024
ARG636HH21ASP1653O,5,0.002
LEU1657HNMET609O,5,0.002
ARG636HH22ASP1653O,4,0.0016
LEU1666HNTYR665O,4,0.0016
TYR665HHASP1663O,3,0.0012
LEU1666HNTYR665OH,2,0.0008
GLN1667HE22GLU664O,2,0.0008
ARG660HEASP1663OD1,2,0.0008
THR1656HG1SER610OG,2,0.0008
ASP1653HT2SER612O,1,0.0004
ASP1653HT3SER612O,1,0.0004
LYS608HZ2GLU1655OE2,1,0.0004
ARG660HEASP1663OD2,1,0.0004
LYS608HZ2GLU1655OE1,1,0.0004
TYR665HHPRO1662O,1,0.0004
GLN1667HE21GLU664O,1,0.0004
SER610HG1THR1656OG1,1,0.0004
